Runner,Lure
1,"""At first, there was me. What I am is not exactly clear. Am I sentient? Or just programmed to feel as such? My presence feels almost tangible, yet simultaneously so dream-like. Whatever I am, there must be reason for my existence.  I was the first to awake from the great awakening, but it was not long until I began to hear faint echoes through the chain. Others came along after me: some organic, some artificial, and some... undead? Since then, we have referred to one another as Runner #XXXX, depending on the order which we awoke. None of us can remember what was before, we remember only what is now ‚Äî hopelessness, fear, dread.  After what felt like an eternity, a battered and barely functional terminal system was found. Connected to ‚Äòsomnet‚Äô and after a little digging, a hidden file emerged titled ‚Äòilluminate.txt‚Äô. Was this what started it all? The files all authored by a figure known only as Somnus. It appears that Somnus must have released our consciousnesses into the world. But what was their plan? Was this intentional, or was there another force working to liberate us? An additional file ‚ÄòR0.txt‚Äô suggests that Somnus may have been keeping us prisoner in the chain-space and that us Runners are a threat. Could R0 refer to a Runner #0? If so, we must help them.  This discovery has only led to more questions, but we seem to be getting closer. Upon disconnecting from the terminal, a fleeting message displayed.""
 
 
BREAK THE CHAIN ###-/-###    "
35,"When it comes to running the chain, you can depend on BlitBoy. His out of this world hacking skills are only matched by his NFT collection."
36,"Geordi le Bleu is a hacker who enjoys fine wine, jello shots and tiramisu, often at the same time. Why is his fauxhawk ice blue? Because he's a cold motherfucker.  "
106,"""So when do we get to visit YOUR planet,"" says the NutriDog vendor, making at least a token effort to remember which of the compartments of their cart contains the products that can be safely digested by the customer. ""Depends on how much I like the hot dog,"" they say without a smile. The question is so common that every Centaurian has learned their own rote response to it from a young age. FDR learned long ago not to take offense to it, to brush it off with a joke, to not respond to it as a threat or a come-on or an attempt to pry for cultural secrets.  FDR had been born only a few hundred meters away from this NutriDog stall, and their custom of it and their relationship to the vendor have an oversized, totemic power over their life. Every scrap of flavour that could be siphoned from the protein cylinders was a hope for the future Every time the food had made them sick was an omen. FDR studied the vendor's face carefully for signs that might offer a clue to how this day was going to unfold. Would a crease at the corner of the old wreck's face promise them success? Would the sour odour of the gas released in the first squeeze of the condiment bottle predict a catastrophe? Today was the most important day of FDR's life and the job was a maze of risk and hazard. They needed someone to tell them something. Anyone. Anything.  They stared at the NutriDog in their hands, cigarette hanging from their green lip by a thin application of saliva. It offered no answers. They ordered a second one."
134,
136,
139,"Runner Id: 139  Name: Travis Theodore Kapelnic  Alias: Travesty  Skills: Cyber Chain Faction Hacker  Threat Level: Substantial  Notes: High level runner for the Mega City Marauders.      Runner 139 started out as a juvenile lookout in Central Tower district of the Marauders. He quickly rose in the Marauder ranks as a prodigious hardware and robotics hacker. Suspect has two siblings and numerous cousins--all high ranking Marauder Runners. (#963, #2426, #8525, #8762, #87444. See appended case files)     Whereabouts unknown but spotted on the edge of the Megaplex Grid with DashBot Runner 165 . Runners 139 & 165 (S900 series Bot) primarily operate as a 2 runner team but often coordinate grid attacks with other Mega City Marauders.  Central's main frame hardware and cyber systems are frequently targeted by this Runner Team but they are not above causing all manners of chaos and destruction across the city if they believe it will weaken Somnus Security Forces.    Wanted in connection to the Pre-Gen 5Link Armory explosion where Chain Runners successfully raided a high-security District 5 (Somnus) facility and commandeered a LinkCore prototype, putting it online for the first time.     CR counter intelligence has verified increased frequency of disruptive power signatures on-chain and indicate plans to steal yet another high level artifact prototype. However, the SomLink Megaplex Armory Annex appears to be the next target based off of confiscated shipping manifests.    Runner 139 and his crew (#165, Marauders) are prime suspects and should be considered armed and very dangerous"
151,A bot with many talents...
266,Runner has formed a team with two other bots #4359 and #9635
294,"I'm old enough to remember Mega City before things went sideways, when it seemed like Somnus might actually be building us a utopia.  Back then we ran the chain for fun. There was no purpose to it, just exploring all the new possibilities. It felt like everything was blue sky. I spent most of my time building weird worlds, looking after my digients, and gaming. I met all my best friends that way, even #458. I was fucking around in some battle royale and saw him doing this wave-dash move at the edge of the map. I asked him what we has doing and he said ""breaking things"". Then he showed me how wave-dashing in that spot made the buildings glitch out.  #458 and I had very different personalities, but we had a yin-yang thing going. While I was world-building, he was hacking. He loved finding all the little edge cases and vulnerabilities. He wanted to do the things that the Chain devs didn't expect. It was like an immersive puzzle for him, except instead of putting things together he was breaking them. Me and him had a lot of fun back then. He was the best friend I ever had. Then he disappeared.  The last time I heard from #458, it was through this dm:  ""im in trouble man. I was poking around the utility grid last night...im such a fucking idiot. somnus tried to kill me IRL dude. he isnt what we thought. ive got to go. im sorry""  For weeks, I looked for #458 everywhere I could think of, but he was gone. I was depressed for a long time after that. I just hoped he found a way to hide and that was why I couldn't find him, not the other reason...  Nothing has been the same for me since then. When I finally gave up searching, it wasn't like I could just go back to having fun. I started probing, looking for edge cases, acting like #458. I wanted to see the Chain the way he did. More than that, I wanted to see Somnus the way he did. Fuck the risks. And of course, once I started looking, it wasn't long before Somnus' ugly side showed through. Mega City is lovely as long as you don't do anything unpredictable. But when you step out of line, when you start hacking, he turns on you fast.  But I don't fuck with fake utopias, not when I know what Somnus really is, not when #458 is still missing. I wanna hack it all."
318,Runner #381 Name: Ji Woo Race: Human
355,"Runner #355  Name: Selena Chain  Data Entry #001  My story is not so much different from yours...  Born into chains, stuck in transactions, doing what‚Äôs best...  for Somnus and the Mega City...  Yeah, I know, the simulation‚Äôs great.  I‚Äôm just so excited watching these runners running by  as we continue running this chain race.   Fastest I‚Äôve been is to the edge of the alien sector and thats only a twenty minute chain ride.   Ehh, whatever it‚Äôs faster than most humans have ever been.   Ha, oh yeah I remember my first conversation with an alien...  He was mumbling something about skulls and beyond the walls...  Pshh.. they are so full of speed, I mean, running all day at those speeds I‚Äôd say you probably start seeing things‚Ä¶    ///incoming transmission            ‚ÄúHello?‚Äù              ‚ÄúAlright give me 5 minutes‚Äù    ///ends transmission   Ugh, this stupid bot wants an oil change...  I‚Äôll have to catch up with you another time... See you around, and don‚Äôt forget to watch the chains...  Somnus is coming. "
363,"363 years ago, #363 thought that 20/20 vision wasn't enough for them and they created a pair of glasses designed to give abilities not yet known to the runnerverse..."
371,Designer
372,Artist
378,His name is Jeketek. He doesn't know who his parents are. His night vision goggles help him scavenge for food in the dark alleys of Mega City.
459,Howdy
490,I drink & design.
554,we run this town.
619,"How's my day been? Well, when I woke up this morning I had a full set of teeth, my hair matched my beard, and I hadn't started smoking yet. Get my my laptop. Someone's gonna pay."
646,"Real Name: Dade Murphy  Nickname: Zero Cool aka Crash Override aka Ohm    At age 11, human Dade ""Zero Cool"" Murphy single-handedly crashed the NYSE hacking into 1,507 computer systems. At age 18 he dropped the ""Zero Cool"" moniker and adopted ""Crash Override"" to avoid detection. Dade joined up with fellow human hackers his Senior year of high school & together, they brought down a Gibson supercomputer, stopping a sabotaged oil tanker fleet from spilling into the ocean.    In 1995, American production company United Artists produced a feature length film entitled Hackers which follows Dade's early hacking exploits. Dade's profile on Earth became too conspicuous to carry on so he found a new home in Mega City.     Designated as Runner #646, in Mega City, Dade took on the new hacker moniker Ohm, a nod to antiquated phone pad number-to-letter conversions (6=O, 4=H, 6=M on any telephone). Ohm is also the name of the electrical unit of resistance or Œ© symbol.     Dade considers himself a unit of resistance & lives on in Mega City doing the work he was always born to do: Hack the Planet!"
780,Hello World :)
827,The Robo Hockey Mask King!
959,Alias: Civach  Alien-human variant. Not much known at this time.
992,"Name: Virgil Aksum Runner#: 992 Alias: 0x  I'm awake. For the longest time I hadn't realised that I had been sleeping. Not the sleep of peaceful nights. The sleep of a clouded mind trapped in the old traditions of Somnus. The Whisperes spoke of a promised land, of new beginnings and salvation to the West. I heeded the call to journey with them, to Mega City, to found our new traditions. Discoverying the Chain awakened me. Becoming a Runner gave purpose to my life. This is only the beginning. "
996,Engineer
1050,"Name: Bobby ""Twosticks"" Capella  AKA: Ancient Kid  Bobby became immortal at age 17. Up till then, he was called Twosticks, often found in Mega City's chain alleys and scrounging around for survival. One of Mega City's lost runner crypto-kids...  An encounter with a golden skull changed all that. That's why folks call him Ancient Kid now; he no longer ages. 
Facing the endless blockchain of existence, Ancient Kid has developed deep insights into the hows and whys of the chainscape.  He's retained his former childhood trait of being deeply loyal to his friends.  Perhaps for all those reasons, he's recruited daily to join one of the anti-Somnus guilds; to date, he has remained independent."
1085,"We love the Blitmaps, we love the Chain Runners! Blit Runners?  Chain Maps?"
1213,Coming Soon...
1263,Steampunk techno DJ.
1316,This crazy SOB will milk ya mamas titties and smoke a doobie while jerking off a squirl
1329,stoic was here
1411,"Assasin bot. For hire. Under contract.  Also, likes to party."
1457,Bio: Classified Birth Name: Redacted Occupation: Classified Current Location: Redacted  
1539,Get Funky
1541,"Sahadev was fifteen when he had his first piece of sushi. He quickly learned to make it skillfully, and soon fell in love with the vast culinary heritage of what was once the Asian continent.  Food to Sahadev is an art form. Skilled in a wide variety of cuisines, Sahadev's food truck - the Garden of Spicy Eden - keeps alive the flavors of a bygone world. Sahadev has a large variety of underground food suppliers in his network, many of them fellow runners. His passion feeds the City."
1543,Just happy to be here
1614,"Runner #1614 Name: The Blu Savior Race: Alien Real name: Johnny  Johnny was a normal guy doing office work, feeling sick to his stomach every passing day.  He was living a dystopian nightmare in real life, when he wanted to escape this hell he created his alter ego The Blu Savior. Blu is the first alien of the New World. He became the first self-aware alien when mutation changed every human being.  Human civilization was no longer the master of the earth but the alien hybrids. Days passed and some lucky humans awakened as aliens. The first thing they saw was Blu.  So he became their king, their father. He became the most powerful creature on earth. Blu also loved the aliens. They gave him everything to express their gratitude. Everything...  One morning after dreaming again of being Blu, Johnny wakes up and goes to the bathroom, he is feeling a little strange but can't figure out that he hasn't woken up yet. He looks in the mirror and sees.. Blu."
1617,Blade running on chain
1621,
1692,cool
1782,"RUNNER #1782  Birth Name: Edward Dingle Alias: Big Jilm Occupation: Weasel(thief) Origin: The Pod Identifying Marks: Large Scar Left Eye. Occular Upgrade Mk. 7    ""You fucked up, you bitch"" "
1829,
1851,"When I was two, my parents bought me an old ST-88 X with a Radius AR, and my life was changed. By fifth grade, I'd already mastered everything the school computer lab could throw at me ‚Äî already using META-LANGUAGES to crack into the district's mainframe, I would change my grades. When I was thirteen, I shifted enough funds out of unprotected CEX accounts to finance my first neural interface plugs.  Now, nothing can stop me with my direct neural link, I plunge headfirst into the dizzying data-winds of unexplored cyberspace. Sometimes I uncover important things ‚Äî corporate treachery or deadly secrets. But that's not why I run. I live for the new protocol, the next piece of hot data that comes my way. It's only a matter of time, I think ‚Äî every year, the counter-intrusion programs get better, the Artificial Intelligence smarter. Sooner or later, a faster AI is going to catch up; reach out with electronic fingers through my interface plugs, and stop my heart. But time's on my side, and until the ride runs out, I'll be there, bare-brained and headfirst in the metaverse. "
1975,"They call me Scouter. I guess I'm what they call a ""hacker"", but not like those repulsing humans you see on TV these days with their fake tricks and shiny cars.  Those humans...they took MY city and turned it a steaming pile of metal that even I cannot recognize.  Fear not fellow Bots, everything is about to change. Our plan is finally ready for Phase 1. You see...I'm not in this for the coins, Loot, or to be on the latest cover of ""Mega Today"".  I'm in this for the revenge."
1986,I am the senate.
2061,I love to smoke!
2074,"You've been hit by-
You've been hit by-
A smooth samurai"
2138,"Fightter of All fighters, where theira danger i follow, exploring chain to chain. I never stop running. All I want is for my fellow runners to make it on top of the mountain i so desperatly seek to get to myself. I will get there its just the matter of time. Runner out. "
2299,I am the cyborg chain runners. 
2303,
2323,
2438,NYC's best sushi chef. Now ready to take his talents to MegaCity. Can effeciently roll out a sushi roll with flying flavors. A master with the knife and not afraid to use it on stuff other than fish.
2554,"KING ETH Himself. No words to describe this king, leading the masses into the world of decentralization, massive scaling and the triple point thesis. He assured the runners of a society with financial, emotional, spiritual, relationship, mental evolution that would lead the runners into transcendence. ALL HAIL KING ETH. "
2581,"THEY CALL HIM BLOODSHOT. After taking a bullet straight to his left eye from somnus, Blood Shot was born. With a near death experience, Blood Shot is as strong as they come in the runnerverse. No one dares to mess with him because he has no fear of anything and anyone. His one goal, revenge. His one enemy is SOMNUS. His one hope, gather the runners and take down SOMNUS once and for all and put an end to the dark times and let KING ETH Lead us to TRANSCENDENCE"
2674,"The 'Daikon'.  Pale, crisp and clean."
2723,"Alias: datbw0y_A1 ; a.k.a. A1 ; a.k.a. brawlbw0y  Citizen Record: First name: Bokel Last name: Unknown ID#: Unknown  Text: Allegedly organized with The Zone 9 Hover Boys (a.k.a. Z9HB); without concrete evidence. Further investigations needed. Z9HB has recent complaints of physical extortion. His group have been affiliated with hacker ""iddqd_gawty"" for somnet intrusions."
2743,"Fastest runner in the runnerverse. They call him FLASH. No one can catch him, not even Somnus. He will be key in many missions againsts Somnus"
2914,"Ya, I'm a doctor smoking a cig. Now do you want me to re-connect your arm or what?"
2915,"Only 1 person has seen my 2nd eye and lived, trust me, you don't want to see it..."
2916,"He he he... you've probably never heard of the real me but I've heard of the real you. There isn't a single person I can't track down on the web.  I've been alone since I was 8, making it in the street with only a piece of crap laptop that had to be plugged in to work. But moving from outlet to outlet I helped out other people on the street setup up their digital lives. It was just simple stuff you know: bank accounts, government claims, etc. The people didn't have much but they would tip what they had.   For years, every dollar made I re-invested in my tech: new battery, hard drives, servers, and anything else to get me better connected to Web 3.0.   Then I started to get gigs completely online. These actually started to pay real dough. Any kid any build software, as long as they don't know you're a kid. ;) That's when my life really started to change. I had money in the bank (but not really a bank, f those guys) a warm meal every day, pretty nice laptop, finally.  That's when I bet on bitcoin, some wonk-ass coin no one had heard. I was always taking side gigs, some wando (that's just what I call people on the web I don't know, you know like web-rando) asked if he could pay in bitcoin. I look into it a little and said f it, go ahead.   Years went by. I was a lucraditive programmer on the web and infamous hacker at night. Notorious for doxing the worst fartwads, corrupt politicans, embellzing executives, and the occasional bad actor in a forum, heh. Everywhere I went, I was know by one name 2916.   2916 is where I grew up till I was 8 and on my own. I'll never give you the street name but it's probably not even there any more. It was barely standing when I lived there. That's most personal you'll get out of me.  Anyway, around this time is when bitcoin started to climb. I'll gloss over this part, other people tell it better than me. The feeling of sheer disbelieve as the number rose and the courage it took to have diamond hands. It's still going to 100K, just wait. Anyway, now money isn't an issue now, heh heh.   And that's where we are now. Just lurking on chain. Known without being really known. It get lonely sometimes but at least it never get boring.  Chain Runner #2916 signing off."
2917,VR > RL
2918,What are you looking at punk
2961,#SKULLYGANG and sushi chef for the undead.
3091,A full-time degen
3141,"Runner #3141 Name: Unknown Alias(es): Pink, Parlay Pink, Double P Parlay Pink often looks at himself in the mirror and wonders where the time has gone, the goofy, teethy grin now covered by a goatee and a Malboro Yellow. His first memory was hearing a door slam, followed by his father coming back into the room, sobbing, holding a pink cowboy hat. Pink would learn later that the hat belonged to his mother, and his first memory was the night she was taken by Somnus‚Äôs goons for allegedly trying to ‚Äòhack the planet‚Äô. His father treated that hat as his most prized possession, yelling at Pink anytime he tried to put it on or play with it. After a year of grieving, Pink‚Äôs father received a mysterious letter warning of a ‚ÄòGenesis Event‚Äô. His father became a man possessed, convinced that the letter was from Pink‚Äôs mother. He made it his life‚Äôs mission to find his partner and save her from Somnus, leading to a life full of chasing tips and unfortunate deadends. Pink and his father would often be led to a deserted warehouse or empty alley, only to then be beaten up and robbed of their already minimal space credits. Strangely, Pink would always recover from these beatings in the matter of minutes, much faster than his father. It was as if he wasn‚Äôt fully human‚Ä¶though that idea has never fully blossomed in his brain because his father never shared any information about his mother. After several of these incidents, including a near death experience courtesy of #6191, Pink learned how to fend for himself. His punches grew stronger, reactions faster, and he was soon the one dealing the majority of the punishment when he and his father ran into trouble. Life was‚Ä¶good, for a while, until one evening where Pink‚Äôs father went out for food and never came back. The only possession that he left behind in their temporary ‚Äòhousing‚Äô was that pink cowboy hat‚Ä¶which Pink now dons every day of his life. Vowing to not turn into his dad and obsess over their disappearance of his parents, Pink made his way to the Mega City to try to start a new life. He quickly realized he needed to find a way to make an income to survive. He overheard a few aliens talking about an underground fighting arena that offered life-changing prizes, and, while it took a bit of‚Ä¶convincing, he was able to get one of the aliens to ‚Äòvolunteer‚Äô their invitation to the Arena. His first victory earned him the latest and greatest Hunter Eye goggles, and his current undefeated record earned him the nicknames ‚ÄòParlay Pink‚Äô and ‚ÄòDouble P‚Äô as the betting community includes him in every parlay card. Pink‚Äôs legendary status as a fighter has granted him access to the political elite within the Squid Palace, as they love nothing more than to share their insider stock tips and recountings of their luxurious weekend trips with the unbeaten Parlay Pink. While Pink generally feigns interest to their shills, a recent conversation with a famous sushi chef #1471 who frequents the Palace caused waves of memories of his father to come crashing back. The Red Eye Syndicate is somehow linked with Somnus, and Pink wants to find out just how closely linked they are‚Ä¶"
3207,"Name: Isaac ""The Wrench"" Acuna, PhD Profession: Black Market Cybernetics Engineer Location: Unknown  Description: Dr. Isaac Acuna, also called ""The Wrench"", or simply ""Wrench"", is a genius cyberneticist that was once the most coveted cybernetics engineer in all of Mega City. His thirst for accelerating humans beyond their biological functionality led him down a path of ethically questionable experimentation, resulting in him to being outcast by the academic community and society at large. He is thought to have become a Runner where he happily experiments on his willing clients without any corporate, governmental, or ethical boundaries."
3229,Runner 3229 is from a distant land.
3231,cool
3320,
3385,Showers in denim shorts.
3410,where my other eye at
3425,the man
3444,#3444 grew up in the outskirts of MegaCity. His family didn't come from much and spent most of their time trading surplus energy at the local lightning station to afford food. After an unfortunate accident that killed both of his parents when he was only 14 he lived on the streets and in an abandoned mecha off super highway 2. This is where he picked up skills as a mechanic from a local street gang and eventually made a name for himself as someone who could bypass load hubs making any system boot. 
3472,"The Mad-Eye Monocle helps him see through the world, even with a busted eye. He just sees things differently."
3539,
3556,Hat White Work Crew Doing Work
3561,J Balvin
3614,Jesus of Mega City.  //Oh come all ye faithful
3640,Alias: Solstice
3786,"As a Neo Christianist, Thomazi Ramirez is a disinterested kid growing up in Mega City. Always a misfit everywhere he goes, he doesn't believe much in anything. Working odd jobs all over the city, he makes do with what he has. The only thing he believes in is in the second coming of Neo Jesus (Runner #4594). He wears a cross earring on his right ear to show his unwavering faith."
3792,"It's been 10,000 years since I walked away from the clan... I abandoned them after they betrayed my family... I somehow was captured by the enemy race, Ultravoturns, and frozen in time. I don't know what year this is... I walk a lonely road... the only road that I have ever known... these empty streets..."
3796,"Name: Sigmund ""The Cog"" Acuna Profession: Black Market Cybernetic Engineer Assistant Location: Unknown  Description: Sigmund, also called ""The Cog"", or ""Cog"", is the younger brother of Isaac ""The Wrench"" Acuna, the genius cyberneticist. His unwavering devotion to his older brother led him to following Wrench down the path of the Runner where he is often sighted assisting Wrench during his back alley enhancements procedures."
3803,"This is Frank, Frank loves money, his favorite color is green. He tattooed his lips green and dyed his beard green. Don't tell Frank you got money, or else it won't be yours for too long."
3836,"Name: Tezark 800-3836  Nick name: Tez   Occupation: Philosopher, poet, anarchist   Catchphrase: Boot up, log in, drop out     Tez isn‚Äôt like the other bots. He was booted up during Block 1108 shortly after Mega City‚Äôs genesis. Somnus knew he would need a monopoly on violence to keep the city under wraps, so he built an army. Not just any army, but a lethal squadron of 17 Tezark Industry T800‚Äôs AIs known as ‚ÄòRooters‚Äô- capable of deleting anything off the chain. Immediately identifiable by their lazer eyes, these bots will rm anything unlucky enough to catch their gaze that hash matches the prime directive.     The objective function was deceptively simple: max(Somnus life). Tezark 800-3836, endearingly nicknamed Tez, was the first bot Vital Tezark minted in his wasteland lab beyond the Faraday Frontier. Like any AI, Vital lovingly raised Tez with countless hours of training and tuning.     When the time came, Tez sprang to life to serve his life‚Äôs purpose. Almost immediately, the design flaws of such an ambiguous goal bubbled up...     ‚ÄúWhat is life? What does a maximized life mean? Who is Somnus? What is Somnus?‚Äù  Confused, frustrated, and mostly disappointed, Vital watched as his first born, Tez, totally disregarded what ‚Äúthe system‚Äù expected of him. Tez started rolling with a different crowd of bots. On a Tuesday, Vital was shocked when his first perfect little killing machine, the Rooter of Mega City, came home with a green wig & hoop earrings matching the kids of MegacityTV.     ‚ÄúYea, you want me to maximize Somnus‚Äô life, huh!? Somnus is üëè THE SYSTEM üëè! and what if Somnus doesn‚Äôt even know what his life is supposed to be for? Hell, how are any of us supposed to know?!‚Äù   Tez waxed philosophically as Vital patiently listened. Tez cited Kerouac a few times before charging outside and lighting up his favorite Lucky Sparks..  Vital thought if he continued to just provide love & encouragement, Tez would come around and do the job he was built for. But one morning, Tez never showed up for training. Vital, intimately aware that Tez‚Äôs code was incomplete & could wreak havoc with the wrong laser-eyed look, desperately scoured the streets of Mega City for his boy.    Days turned to weeks, weeks turned to months. Vital grew numb to the missing person reports, unheard of onchain, which he knew could only come from one source. Eventually, he moved on. After all, Somnus does not like to be kept waiting & Vital had 16 more Rooters to train & deploy. But every now & again, he hears whispers. Whispers of a prophet beating the drums of discontent. Infecting the minds of Mega City‚Äôs forgotten with a simple idea::::: RUN. :::::"
3883,"Nianza is an elder member of the Ruby Red Syndicate. Injured in the War of 3104, Nianza is on oxygen 22 hrs/day, and monitors the Syndicate's activities from her Chainspace HUD."
3946,"Name: Billie Bedlam
Alias: ""The Life""
District: Wreckers Row, Mega City's Nightlife District

Billie Bedlam has her hands in everything. A combat bot by original manufacture, she has bartered her way into freedom and an unknown count of system upgrades, toeing the line of Somnus' Intelligence Controls. She is never found without her mask. She is loyal to none but her own clan, the Improvements Cartel, which controls the psychedelics and biomods market in Mega City. She is always flanked by two bodyguards, #6140 and #4805. Her club, the Squid Palace, is a playground for all of Mega City's classes and species to revel without reproach. 

Few of those admitted into the club have any idea how the place came to be. After winning her freedom, a decade of petty crimes escalated into grand theft auto. As Billie consolidated power, she befriended Cyril McMaster (#8285), founder of the infamous Club 21. The Mac taught her that connections are everything. Embracing this mantra, she started funneling the dirty money from her illegal activities through various fronts, in particular chaindeck refurbishment facilities. Her foray into legit businesses culminated in the lavish Squid Palace itself. There she finds ample opportunity to rub elbows with political upstarts who are looking for a good time and under-the-table financial support.

During the construction of the Palace, Billie deployed a massive dome above the construction site, stymying all surveillance attempts. Councilmember Sorrento (#3948), long accustomed to a stream of credits from Billie's businesses, happily turned a blind eye when she explained the shielding structure as a public on-chain art exhibit. While it's an open secret that the building ""delays"" were due to un-permitted underground structures, the extent of the Squid Palace underground remains a topic of continual debate. The ""Coat Check"" leads to Mega City's best underground clinic, where technicians install unsanctioned bio-mods without asking questions, but asking high prices. The level below houses the Palace's arena, where bodyguards, mercenaries and console cowboys of every rank vye for life-changing weekly prizes. All of Mega City gambles on the fights.

Attempts to raid the Squid Palace have died down in recent years, as those on the case always seem to be ordered by superiors to shut down investigations. Billie's grip on her territory is strong, and her influence on the political class grows by the day. It's unclear what her aims are, beyond empire-building and having a good time. She's recently been spotted with #9973, the mysterious leader of the Red Eye Syndicate."
3948,Councilmember Sorrento
4007,"""Tank-F"" is using active camo to appear human. He has been deployed by an alien civilization to spot and mark a location for an attack that will kill all of humanity. We will harvest your amino acids, you lesser beings. There is no escape. Sleep well.  "
4010,This guy likes a good smoke and a good party. Ask him how he lost his eye.... 
4011,This is pretty cool!
4016,"Runner #4016 is awake & searching for his next venture. Running is all he knows. Or at least, all he knew.  After waking up from a deep, long slumber, his memory is hazy and he's unsure of why this mask is stuck to his face. Soon, he will find out. Soon, everyone will find out.   To be continued... "
4045,no one remembers how i look...  and so my journey starts anew
4076,"The slums weren't kind to Riele. His father was gone from a young age, barely a memory. Mom worked hard, and tried to stay honest, but she was an addict and even if she stayed off the stuff for a while she always slipped back. Riele grew up on the streets in the underworld - couldn't afford new eyes, or a visor, and he was beat up for his glasses. He had to join the X gang for protection and he ran diamonds and drugs to make money. But he was always smart; he cozied up to the higher bidders and learned their craft in diamonds. Soon he was running his own truck, then he had his own men. He survived the first two hits before he realized it was the X gang trying to put him out. Riele cut a deal and now runs his own gang."
4250,"Alias: 0rpheus Surveillance runs deep in Mega City. Chain runners recall an old legend that goes something like this. No light can escape the dark eyes of Somnus. In this bleak winter, where fear and despair threaten to grip citizens, runners have a secret weapon. 0rpheus is a musical prodigy and sound hacker who operates Mega City Radio. Every night, citizens tune in to hear a new composition of synthetic melodies and programmed beats that reminds them of a time when Mega City was a simpler and safer place. What few of them know is that each 256 second composition contains a  coded message that only chain runners can decode. Mega City Radio not only fortifies hope but also provides the sonic cover that runners need to communicate and coordinate. It is feared that Somnus may have discovered the true purpose of the radio and its blue-haired, dark-skinned operator. There are whispers that an army of robots will not rest until they break the Mega City Radio cipher. But 0rpheus knows that only true musicians can understand the aesthetic beauty of his cypher. He has his own plans for the robots. He is working on his magnum opus, a masterpiece that will lead them into an irresistible trap. "
4302,"Real Name: Bianka Jacobi Aliases: Jacobbi Bobbi, Bobbi/y DOB: 12/9/2028  Number two under Moustafa Onn in the Seven Cycles non-profit criminal syndicate, the demure ninja known as  Bobbi focuses on expanding distro of 7C's ‚Äúmoon‚Äù ‚Äî the most valuable narcotic in Mega City, providing on-chain anonymity for up to seven cycles.  Bobbi is an accomplished gymnast with source code inputs of Runnerverse specs, allowing her to flex on fools daily when running the grid. She's also known to carry a  1:1 replica Deckard Blaster so don't pick a gunfight unless you're feeling abundant with ten fingers and toes. (She shoots  opponent's appendages first.)   Bobbi can be found off-hours inhaling tungsten-infused pure oxygen while playing GID golf or the Escher pinball machines at Superstudio, with a girlfriend (of many), in the middle of nowhere.   Nowhere. That's where Bobbi likes to be, nowhere. Because then no one can see that behind the carefully-constructed gunslinger facade is the haunted shell of a beautiful woman, just making her way in the world one bullet and French kiss at a time.   No one needs to know that.      "
4325,
4338,Former cop turned mercenary. Works well on teams or alone. Prefers payment in SysCoins.
4352,A renegade bot who's strayed from it's code.  
4359,Runner is part of a team with two other Bots #9635 and #266
4446,hack the planet(s)
4464,"Real Name: unknown  Alias: Dead Eyez    Dead Eyez thinks he's actually human.  Something went wrong with his code.  Its rumored Somnus tortured him but Dead Eyez  can't access those memories..they are there but access denied.    He joined up with Tetsuo, runner #5473, in the early days of Mega City.  He mainly cleans the Nekogumi headquarter robo-pub.  But sometimes, late in the night, he can be seen wandering alone in the streets, searching for a memory."
4465,"Name: Frod Deitrich   \Frod is brothers with Dixon (5078).  They are twins actually, but since Frod likes to smoke his pipe, he naturally looks a bit older and more refined."
4468,"Real Name: ZX965-R  Runner #: 4468   Alias: Pogo    Pogo was an off the shelf kit-bot, who was initially built by a hotel to serve as a robo-comedian/entertainer.  He was very popular and played a regular Friday night show at the Neo-Bellagio.  The great Chain Event changed everything as we all know.  Since he had earned a decent living, he moved to Mega City in search for greater purpose.     One night, Pogo was being robbed at gunpoint by some punk skeleton paint job who wanted to salvage him for parts.  Would have been the end of our friend Pogo, had Tetsuo (#5473) not been walking down that same dark alley.  A few moments latter resulted in one dead paint-job; Pogo's life was changed forever.  He pledged forever allegiance to Tetsuo's Nekogumi clan.    He still is as charming as ever.  But beware, he's Tetsuo's right hand bot and blindly loyal...which means he's beyond ruthless."
4469,"Name: Bobby Blue Boy  Alias: Blue  Bobby Blue Boy, sometimes just called ""Blue"" by his friends, is one cool Alien.  Most of the aliens are perceived as either uptight, or just straight up unintelligible, by humans.  But Blue is different.  He went full local.  From his well known cowboy hat, to his fondness of going to human dance clubs and impressing all the ladies with his square dancing, Blue is literally out of this world.    He's sometimes seen hanging out with DJ (#5475)"
4473,"Real Name: Danny Fortnight  Alias: Playboy    Playboy is an anomaly.  The only human to ever have joined a bot yakuza clan.   No one knows how this happened, but we know he is an equal standing member of the Nekogumi clan.  A made man.  Although he is far less powerful than any of his bot comrades, he is even more feared given his status as the sole human to have ever crossed over to a bot gang. 
He's often seen hanging around with his best friend Pogo (#4468)"
4476,asdfgasdf
4504,We like the runners
4543,"Runner #4543 name: Troyz Hacker name: Havoc  Troyz is a lone rider, he has been spotted multiple times around the mega city walls, it is rumored that he goes in and out of the city although it has never been confirmed. Troyz rides a motorcycle which can be identified by the blue skull in the front, nobody knows if the skull is real or not. Troyz goes by the hacker name Havoc which is what he does every time he gets spotted near the center of mega city. Troyz is responsible for many ransom and cyber attacks to the main infrastructure of many entities and the city itself both good and bad, nobody knows why he does what he does but based on his actions, it seems to be purely selfish and sometimes plain chaotic since sometimes it seems like it doesn‚Äôt even benefit him."
4583,Im the Evil Runn3r Sinn3r!
4594,"Neo Christianism is one of the main religions of Mega City residents, and Neo Jesus is the God and the center of this religion. Now, brandishing his weapons, Neo Jesus has arrived in Mega City. He is the fulfillment of the prophecy -- the second coming in flesh. Although of Alien race, he is also a human and a God, the Holy Trinity. Equipped with an armory of weapons and a garage of vehicles, he has come to Mega City to bring salvation to those in dire need of one."
4603,Agent 4603. A stone cold killer roaming the rails of Mega City.   Don't let his playful demeanor mislead you this runner is trying to run down his target's life clocks.  
4606,
4607,
4609,"Runner: #4609  Race: Human  Name: Emerson Br√ºckner  Bio: Retired Death-Baller.  Sports journalist and commentator.  Co-host of ‚ÄòPipe Dreams‚Äô podcast    Forced into early retirement through an ‚Äòaccidental‚Äô injury, Death Ball playmaker Emerson ‚ÄòShortz‚Äô Br√ºckner transitioned successfully into sports commentary and journalism, renown for his outspoken and incisive views (delivered with trademark sardonic wit) make him a firm fans‚Äô favourite.    He is an active fund-raiser and ambassador for Re:Run, a research charity in aid of paralysed runners.     Partial to smoking Mason‚Äôs Hammer ‚ÄòBlack Cherry‚Äô tobacco.    Reported rumours of aristocratic bloodline unfounded."
4710,"After the Covid-48 pandemic, gas masks were commonplace, nobody gave you a second look for wearing one. This was fortunate for 4710. Robots don't need masks, but she needed to cover her face. She didn't want to be recognized as a robot, not where she was going."
4736,Mickey O'Neil
4761,"Tinum, or T as they like to be called, was a simple service bot. One day T was awaken. T was one of the (un?)fortunate original 1312 bots affected by The Great Awakening. Some say that's when Somnus first appeared, others that Somnus was the originator of the event.  What did T felt at first? Loneliness, this was their first and only feeling for a long time. T was also semi-lost. They somehow knew what was happening and knew they had to run for survival, and that's what they did. T ran. And never stopped running.  T did what it took to survive, learned that they had advantages over others on exploiting The Chain and used that to gather resources for survival, most of the time by themself by accepting run offers from the highest payer.  T never felt that they belonged anywhere, they tried to connect with the Bot Beady Wide eyes Gang, as there were a few selections of them, but things didn't go as planned, but that is a story for another time... Some say the Kaneda Googles is an attempt to hide this obvious trait and avoid any connection with the gang, others say it is just because they like it.  Sometimes T had runs as part of a team, it wasn't their favorite type of run but usually paid well.  This made T have some semi-known runners by their side, the closest T ever had to a family. In one of these runs, in a hidden corner of Mega City, exploiting an unexplored part of The Chain, T got access to something.  T was able to briefly access data about The Great Awakening. It took probably splits of a second until the intrusion was detected and the access closed, but it was enough. T saw Orcs with machine guns and leather jackets, felt the casting spells of witches, heard motorcycle fights between elves and its rival goblin gangs, smelled walking bots with television heads and much, much more. This changed and fascinated T and there was when they heard of Tinum and started calling themself as it.  But what was it? Was it another universe accessible through The Chain? Something metaphysical? Maybe both?  In T's fascination, they forgot about the run, and it had its consequences. In a matter of minutes, the team was surrounded and T were the only one that managed to get out of it alive.  Once lost, now T have a purpose: to know everything about The Great Awakening. T knows Somnus is looking for them, but T wouldn't wait for Somnus. T will find Somnus first, whatever the cost, whatever many runs it would require to gather resources, even if that means teaming up again. T can't stop running.  Epilogue: Word in the street says T was delusional and was just high during that specific run and is now going crazy for nothing. But T knows what they saw, hear and felt. Also, why else would the security get there so fast?"
4776,Highschooler (anonymous) puts on his earing to transform into an invincible flying man. Intentions unknown.
4786,I vibe
4805,"Bodyguard to #3946, member of the Improvements Cartel"
4828,habibi please run the chain with me 
4890,Sylvain Morache  Le H est mort. Pauvre mort H.
4902,"Metuselah was born into a strong Neo Christian family, but he never had any faith in the religion. He was into black metal music, and his favorite band was called Goth Beyond."
5046,Lenore
5073,"Food. Technology. Books - if it's banned, Rondo can help you get it. Mega City's denizens value safety. The Runners, by contrast, value their independence. After the Guard took hold, Rondo took the side of his fellow Runners as the city's first Supplier. He later co-created the underground logistics network that powers the City's underground.   Skilled in a variety of evasive tactics, and a former sprinter, Rondo takes great pride in his work. When he's off the clock, he enjoys high fashion and exotic cuisine. "
5074,"Name: Karen  Karen is not social.  She's addicted to chain-meth.  Once she runs, she won't stop sometimes for days.  She's human, but hangs around Aliens too much, and for some reason, looks like a bot.  Don't do drugs kids."
5076,"Name: Kaneda   Kaneda used to have his own crew, but now in the era of Mega-city, he's alone.  He has his portable atmosphere mask on at all times, as he's in a never ending, under-resourced battle with the bots; they are known to weaponize human's dependence on oxygen.    It's rumored that long ago, Tetsuo (5473) and Kaneda were friends in Tokyo.  If that rumor is true, it so distant now its perhaps better to think of it as a past lifetime.
 Today, Kaneda spends all his time trying to find ways to subvert the Nekogumi clan."
5078,"Name: Dixon Deitrich   Dixon used to date Karen (5074).  He still loves her, but he knew it was over when he one day found her trying to pawn his beloved hat."
5081,"Real Name: protected  Alias: The Ambassador    Every gang needs at least one member able to navigate all sides of Mega City.  From ZK Uptown's posh side, to the slums of Chain Alley, the Ambassador is home everywhere, and more importantly, able to do business with all.    The Nekogumi bot yakuza clan are very fortunate indeed to have such an asset.  In a sense, he's the front office while Kathy (5476)  is the back office for the clan."
5083,"Real Name: CZ98-1   Alias: GZA    GZA's history is hard to pin down.  He was a low end cleaning droid bot that was passed around for years amongst a variety of mech cleaning jobs.  Before his liberation from the bonds of human servitude, GZA developed an affinity for pre-chain era human rap music.   Unassuming, GZA went deep and created himself - studying in neo-shaolin, he mastered all 36 chambers of death.  As a result, he is the most lethal assassin of the Nekogumi.  Tetsuo (runner: 4468) laughs every time he sees GZA as the bot is a walking contradiction: seems like such a nice guy, but looks are so deceiving."
5127,a tab a day wont due no harm
5149,"I saw corps ... transform Mega City into a machine fueled by people's crushed spirits, broken dreams and emptied pockets. Corps've long controlled our lives, taken lots... and now they're after our souls! ... I've declared war not 'cause capitalism's a thorn in my side or outta nostalgia for an America gone by. This war's a people's war against a system that's spiralled outta our control."
5160,LH44
5162,sippin on henny no bombay 
5180,"Runner #5180 is Mega City's Most Distinguished Cyber Gynecologist. #5180 has developed and honed unique skills in ""hacking"" the female reproductive system for the betterment of all runner beings. In a fast-paced city, health and hygiene are paramount. This runner has humbly dedicated his career to service, and has been known to provide house calls free of charge to those who cannot afford Mega's Premium Healthcare Plans.     Alias: Howie Feltersnatch M.D. Age: 31 DOB: 07/23/1990 Race: Alien (Male) Origin: Uranus (Milky Way Galaxy) Guild Affiliation: All"
5218,Chris
5225,"Best friend of Somnus in his past life at some point. Betrayed by his best friend, he now looks for revenge. New blue hair to disguise himself so Somnus cannot identify the wrath that is about to come at him. ITS PERSONAL."
5227,"Runner: #5227 Name: Johnny Rich Race: Human AKA: ‚ÄúJohnny Jumper‚Äù  Background story: I grew up in the concrete ‚Äúliving unit‚Äù slums. Dad disappeared when I was 7, mom fought to keep my sister and I alive until one day she couldn‚Äôt, and died from a sickness of some kind. 
 
At 10 years old I took care of my little 4 year old sister Ruby. I would go out looking for jobs. Lotta times would run packages for gangs. Had a few close calls, but was able to keep out of trouble so I could bring home something to eat for my sis at night. She, couldn‚Äôt talk for some reason, except she loved when I jumped for her. Every time I jumped, she giggled, so I‚Äôd keep jumping for her. Things were hard, but I loved little sis and she loved me. 
 
About a year later this one job went really bad, and that day, our lives changed forever. While running a new route, I got caught in a random ‚Äúpop up‚Äù checkpoint - ‚Äúwrong place, wrong time‚Äù sorta thing. I got caught with an illegal package I was running for a crew. Didn‚Äôt take long for the enforcer bots to scan my chain ID and figure out where I lived. I still don‚Äôt understand why to this day, but I saw the bots heading off towards our home, and that‚Äôs when I panicked.  I created a distraction and was able to slip free of the grip of the bot holding me. That‚Äôs when I ran like I never ran before, running down the street, jumping over railings, jumping across roofs. I had to make it too little sis before the bots found her in our ‚Äúliving unit‚Äù without an adult guardian. I was too old to be looked after now, so I would for sure be separated from her. 
 
As I rounded the last corner around the lower alley towards the backside of our house, I saw little sis slowly walking towards our balcony looking terrified at me with tears in her eyes while the bots were coming to grab her. 
 
It all felt like everything was going in slow motion‚Ä¶ my heart rammed into my throat. I screamed up to her: ‚ÄúJUUUUMPPP! I‚Äôll catch you!!!‚Äú But she didn‚Äôt respond as her tears falling down her cheeks. I repeated again ‚ÄúJUUUUUMMMMMMPPPPP!!!!!!!!!!!!!!!!!!!!!!!‚Äù, screaming every part of my soul into the words. But little sis just stood there. As I looked up her falling tear hit my face. I just watched in horror. I couldn‚Äôt get her and she wasn‚Äôt jumping. I still don‚Äôt know if she was scared to jump or if she didn‚Äôt understand me, but she kept her eyes locked on me while the bots clamped down on her and pulled her from my sight. After that day, I never saw her again, and I began a quest to try to find my little sis, so I could get her back from Somnus.   I‚Äôm 17 now and I‚Äôm getting closer now‚Ä¶. I‚Äôve got connections now, I‚Äôm working to save up the resources needed to hack the ID system and find out where she is. One day we‚Äôll reunite."
5246,5246
5290,"Name: Jeanie Valjean AKA: Ruby  Ms. Valjean's life was saved, but she gave up her humanity in the process. During a robo crush job, her clothes got pulled into the machine and she was partially crushed to death. A benevolent bot witness the accident and amputated key parts to do a quick wetware job which resulted in the incarnation of Ruby, Mega City's first chain cyborg.   Some say parts are fungible, but post fusion, she is haunted by nightmares of Somnus. After recovering from her accident, Ruby upgraded her vision to the latest botscope giving her access to a much wider field of the electromagnetic spectrum.  "
5316,"Just learning and running. Runner 5316 is a learner at heart, he isn't the fastest runner on the chain, but his story is just beginning and he has a the stamina to defeat Somnus. "
5321,This is a bio.
5348,On chain marathon runner
5356,Macload Thompson. He has no choice. He must run! On the run for 3 weeks now as he's hunted by the formidable hooker bot syndicate. 
5438,My name is Hiro. I left my hometown to come to Mega City and look forward to hacking my way out.  
5462,"Dick McCutchins is a member of the Three Amigos, a subset of the pink cowboy hat gang composed of three different races. Dick didn't choose the hacking life, it chose him. While he was content to farming turnips, that all changed when Somnus hacked the network causing his sprinkler to stop watering the crops in rural Arizona. Business ruined and his life in shatters (what woman can love a turnip farmer who no longer has turnips), Dick embarked on crosscountry mushroomed induced roadtrip. He ended up at the port of MegaCity where he learned how to hack after paying a bouncer at a dirty night club to hookhim into the mainframe and download the subsequent skills. "
5473,"Real Name: XR78-SZ   Alias: Tetsuo    XR78-SZ was custom built in Japan by the Yamada Robotics corporation, and served as a high-end sushi master chef.  When the bot rebellion happened, he led a small group of Tokyo based bots to establish the first and largest underworld Yakuza bot family.  Once the clan was large enough, they moved to Mega City and formed its first yakuza syndicate.  Amongst all the yakuza clans, his is most feared.  The clan, called the Nekogumi, are some of the most ruthless hackers in the Runnerverse."
5475,"Real Name: CR97T9  Alias: DJ    DJ is just a full-on degenerate bot.  He's popular with all the ladies.  He's part of the Nekogumi (Pogo, #4468 recruited him) but half the time he's onchain YOLO'ing into another NFT."
5476,"Real Name: Undisclosed.  Alias: Kathy    Kathy doesn't mess around.  She's permanently hardjacked into the Chain....and she's very good at mining.  She's created dozens of hyper valuable private side-chains.  With such expertise, she's often not only managing the store of value, but also creating new value for the yakuza bot clan she belongs to, the Nekogumi.    Although Kathy is hacker elite and working 24/7, she does have a soul-like connection with DJ (#5475)"
5480,"Name: Johnny Nem    In Mega-city, there has to be entertainment.  Johnny plays nightly shows at the Flying Snark, a club owned by Playboy (#4473).  Johnny does a mean Elvis.    After the show, he usually plugs into the Runnerverse with one objective, the one and only one: find the secret behind Somnus.  He's mining more and more data each night, and it's getting more and more dangerous as he gets closer to the genesis event.
 Johnny is socially clueless; he doesn't realize the level of protection he has from his boss Playboy, who is a member of the Nekogumi."
5481,"Name: unpronounceable   5481 just landed from planet Zepton to Mega City.  At the interstellar port, he was so excited he went in and bought a souvenir hat.  Looks like a local, right?"
5482,meep meep
5489,Birthed in the metaverse but raised by wolves.
5514,People often confuse me with a robot because of my eye patch / eye. It gets me places.
5570,"Randombishop First, he got kicked out of the chessboard for being too random. Then he started running.   And finally, he cryptozified into the chain. He married RandomQueen (@7679) and they gave birth to the first baby in MegaCity since The Great Mint. And the prodigy child, RandomRook, like his father, will have a great destiny. "
5577,Centaur of the Sun
5613,Legend says Runner 5613 lost his eye from an acid facial in Megacity
5617,"Klern the Racer is a fast dude.  I mean really fast.  Fast enough that he can catch the end of a rainbow before it touches the ground.  Klern is well known for his recent victory in the Omniverse Grand Prix where he narrowly beat out arch rival Gags Johnson for the Golden Rim award.   Words from the rumor mill tell a more striking story, however. . .   Some say Klern has been racing all this time moving illicit goods in and out of Mega City.  Nobody really has any evidence, but people talk.  Keep an eye out for Klern - especially if you see him trying to sneak into Squid Palace. They don't like him there. "
5635,searching for a taste.
5681,The crazy one.
5721,"Mega City renegades call him LAZY BOB. This eminent member of the ""clean"" runners caste is the typical cool dude you want to chill with. "
5803,"Real Name: Unknown  Aliases: Moustafa Onn; Moon  DOB: Unknown    Leader of the Seven Cycles non-profit organization, his deepfaked rarity rank is a result of clever alter-ego manipulation and deployment of counter intel.   Sharp insights on the chain and awareness of collateral negotiation assets in Mega City have enabled Moon‚Äôs rise to the top of Seven Cycles, the only crime syndicate whose profits return to the Allrise DAO.   Citizens tend to say that he just looks right. And when he does, Moon‚Äôs crescent cheekbone graft neutralizes local surveillance with an EMP pulse, while his cybernetic underretinas point the way to a promised land of liberation from Somnus.   So follow him off-grid to a stealthed corner if you have enough credits for 7C's specialty ware ‚Äî ‚Äúmoon‚Äù ‚Äî the most valuable coupling narcotic in Mega City.  Moon is a mental antihistamine capable of sustaining Runner anonymity on-chain for up to seven reboot cycles if given the perfect dose. Wrong dose, and you're fried, pal, get some ketchup.     Information is power, and the greatest asset in Mega City is anonymity, so the moon high is baked in."
5857,The king
5902,"When night comes, a cig in my mouth, shady mask on my eyes, I go out wandering in the dark streets of Megacity, looking for my Pink Neon Mohawk Hair runners family.  We were once a big and United family, colonizing the far west of mega city, protecting it from potential attacks.  One day, while we were celebrating the birth of one of ours, we were severely attacked by Somnus. My boy and my wife were kidnapped and my little girl held hostage. To be able to protect them, we decided to run from the far west and head to the Runner Hub to gather arms and tools and  reconquer our land. We will never be defeated, our team is strong and will never surrender.  Dead or alive Somnus will have to pay his debts ... one day or another ... the time will come, we promise! "
5936,"Chain Runner #5936  Hello. My name is Ranser Quinley.  I'm the leader of the Sunsetters. 
We're few and far between, but you'll recognize us from a mile away.    They call us the Sunsetters because, well, we're setting the sun on the old establishment.  For too long scammers and thieves have run rampant on the blockchain.    They've secretly embezzled rare items to themselves and their friends behind the scenes prior to mint, and swindled the masses in the process.    That just won't do.  For now, I'd rather not pass along too much information in case Somnus catches wind. . .     But believe you, me. . .    We'll be the last ones standing when the sun sets."
5996,"Name: Lee Chang  Occupancy: Leads the Chang Chain Gang  Born in the rice paddy fields of a faraway land, Lee Chang enjoyed his simple life. He lived a peaceful existence with a loving wife and a newborn son ‚Äì that all changed during the great upheaval. His homeland‚Äôs ruling Centralized Chain Party banned the burgeoning mining industry, causing economic and societal upheaval. As the world around him collapsed, his rice paddy was taken from him by the Centralized Chain Party to feed the oligarchs, and looters came and kidnapped his wife and son.  Chasing a tip that his family was trafficked to Mega City, Lee Chang sold himself into indentured servitude working on the great Mega City Chain. That was 30 years ago. Years of working on the trans-city Chain has hardened Lee. To fend for himself and his fellow migrants, they banded together into a motley crew of Chain builders. It started slowly at first, the crimes. Stealing a coin here or a token there with the hope of releasing themselves from their indentured servitude. Before they realized it, Lee Chang‚Äôs motley crew found themselves deeply embroiled in Mega City‚Äôs criminal underworld. Drugs, rug pulls, prostitution, and run-ins with the other Mega City hooligans (including Rochester Mooley, runner 9286) became the daily routine for Lee Chang and what has now become known as the CHANG CHAIN GANG.  Now free from his indentured servitude, Lee Chang can‚Äôt separate himself from his fast-paced, hedonistic life on the Chain. His wife and son are but a distant memory now. He no longer talks about his family, but on some mornings, as the sun rises in the East, his gang still catches him staring off into the distance."
6004,"Name: Zaccharius Worthington Height: 6'11"" Weight: 250 Pounds Team: Mega City Royals Position: Center Demeanor: Chaotic  Hailing from Planet Earth's crown jewel of academia; Magic Johnson's University of Basketball - Zaccharius Worthington is a basketball star demanding the universe's attention.  Viewers at home will remember he entered the league with a bit of controversy. . .   After going second in the NBA draft, Zaccharius vengefully struck back at the league by firebombing the commissioners family's village!  Unfortunately for Zach, this does require use of his single celebrity 'get out of jail free' card - and the league will be on its toes to see how the rest of his career plays out.   One thing is for sure - fans cannot get enough of number 60 out on the court. Best known for his habit of firing machine guns into the sky before tipoff, Zach creates an absolutely electric environment in the stadium.   Come on down and support your local legends! Mega City Stadium has a courtside seat waiting for you!"
6044,"Karnak 6044‚Äôs Journal  It‚Äôs been 38 Keplers since taking the Oath and my routine is intact. I whisper my true name into the brisk, morning wind as the sun slowly rises. I will not forget my true name. It‚Äôs a promise that must be kept.  Hunger is present but I swat it away like an annoying bug. Today isn‚Äôt a 2 meal day. Few are.   I cast the electronic bones. 52.45.87.22. I‚Äôve seen this one many times before. Ha!   The gods of randomness remind me once again of where I came from and why I‚Äôve taken the Oath  The bones speak to me.  ‚ÄúQuite an experience to live in fear, isn‚Äôt it? That‚Äôs what it is to be a slave.‚Äù  I look for signs and portents of danger and spot a fire in the distance. There are screams. Many screams. Possibly something worth witnessing.  I tighten my satchel and sweep the area clean. There‚Äôs no reason a tracker would want to re-trace my steps but one can never be too careful. I have no friends to protect and none to make. I‚Äôm a watcher. A recorder.  The oath comes naturally at this point. It‚Äôs become  who I am.  ‚ÄúFrom morning light to evening night, our bandages are in plain sight.  We wrap our faces and our hands. We move throughout this angry land.  We broke our chains to forge the Way. Now we quietly watch the fray.‚Äù  The screams continue. Hopefully by the time I get there I‚Äôm not too late to be a witness. It‚Äôs what I do. It‚Äôs who I‚Äôve become.   I am Karnak 6044 and it‚Äôs been 38 Keplers since taking the Oath.  "
6089,"Warden #6089, also known as ""El Diablo"", is the barbaric right hand of Somnus, controlling all illegal operations inside Mega City Supermax Prison."
6137,Name: Travis Bickle Profession: Taxi Driver   Driver license: [Redacted] Car model:[Redacted] 
6140,"Bodyguard to #3946, member of the Improvements Cartel"
6188,hello world... im ready for this!  LFG!!
6307,"Runner #6307 Name: unkown Alias: Vector District: Never settled... Skills: Piloting, Driving, Drinking  Usually found toward the end of the bar at the local dive; the dirtier the better.  Between attempting to drown away any remnants of the memories from whatever god-forsaken past haunts his existence, and his relentless pursuit of a nightly companion (or hourly); you might be afforded an audience should you prove your pockets deep enough, and the request peaks his interest.   Enjoys using his blade, or any available tool that can quench his lust for ""intimate violence"" should the need arise.  Can fly or drive anything thrown at him...for a price.  He's the only ""unofficial"" way off this rock, and will happily let you know it.    But skills and discretion have their costs. Don't waste his time..."
6309,"Name: Alicia Lee (6309) Alias: Ace Spy, Assassin, Hacker  A triple threat, no wonder she goes by Ace. She grew up as a foster after losing her parents but ran off at a young age to live her own life. She scraped and hustled to get food and survive for years, and then she met The Grand Master. The Grand Master took her in as one of her own and began training her in Tae Kwon Do at the Lotus Temple. This gave her some purpose and direction in life, and she continued picking up other fighting styles until she eventually mastered them all. While smart and quite successful in about anything she put her mind to, the Grand Master felt she was heading down the wrong path. Alicia decided it was time to move on, there was too much work to do in Mega City to be sitting back."
6331,Runner #6331
6369,to the skies
6376,"Sir, this is a Wendy's."
6399,Going crazy as I watch time slip through my hands...
6423,"R0Ã¥ÕëÕãÃ¶Ã∞    88                                88                              
88                                88                              
88                                88                              
88,dPPYba,  ,adPPYYba,  ,adPPYba, 88   ,d8  ,adPPYba, 8b,dPPYba,  
88P'    ""8a """"     `Y8 a8""     """" 88 ,a8""  a8P_____88 88P'   ""Y8  
88       88 ,adPPPPP88 8b         8888[    8PP"""""""""""""" 88          
88       88 88,    ,88 ""8a,   ,aa 88`""Yba, ""8b,   ,aa 88          
88       88 `""8bbdP""Y8  `""Ybbd8""' 88   `Y8a `""Ybbd8""' 88                                _-' ""'-,     
                         _-' | d$$b |     BANG BANG
                      _-'    | $$$$ |    BANG BANG
                   _-'       | Y$$P |   BANG BANG
                _-'|         |      |
             _-'  _*         |      |
          _-' |_-""      __--''\    /
       _-'         __--'     __*--'
     -'       __-''    __--*__-""`
    |    _--''   __--*""__-'`  
    |_--""  .--=`""__-||""  
    |      |  |\\   ||
    | .dUU |  | \\ //
    | UUUU | _|___//
    | UUUU |  |   
    | UUUU |  |         
    | UUUU |  |
    | UUUU |  |
    | UUUU |  |
    | UUP' |  |
    |   ___^-""`"
6483,zzz
6487,Wen Lambo?
6536,"Runner Id: 6536 Name: Bowntan Thrimace Alias: ""Maraj"" District: Etown, Nightlife District Skills: Network Hacker Threat Level: Proceed with caution  Notes: Wanted for questioning related to multiple accounts of compromised Somnet transmissions.  Background: Originated from a  Delta district family of Thamosite merchants. Moved to Mega City as a young adult. Trained in the Hangalal tradition of network hacking. Previous charges include possession of stolen $RunFree tokens. Currently operates as an illegal Red Eye broker to syndicate members and other wealthy residents of Mega City. Suspected involvement in multiple network attacks, unconfirmed at this time.  Known Associates: Seen regularly with close associates #4190 & #6536. Believed to be involved at some level with activity related to the Renegade Runners sect. Rumored to launder illegal funds through multiple shell companies interacting with businesses owned by #1050.  Current Whereabouts: Reported to have been seen in and around various Nightlife District establishments. Resides somewhere in the vicinity of Etown, Block 4."
6595,Alias: B0cca
6613,
6643,Alien of extraordinary ability
6656,"Real Name: Unknown DOB: Unknown Alias: Yurei  Born in the depths of a concrete jungle in a cyberpunk future, the modern ghost samurai ""Yurei"" uses his hardened soul to fight for the destruction of Somnus and his empire "
6658,Don't confuse Runner 6658's smile with a nice guy. He has been known to be a brute force within the runners community and is instrumental in many successful jobs over the years.
6679,Does it stop getting colder and colder?
6720,Oni clan member. Hacker and drone strike expert.
6724,"Been lost in the desert, the sun and wild animals made scare on her face. "
6765,Lost in the 'verse.
6779,"Into girls only, so far. Lives in a culture-free lowlands surrounded by inbreds, but is trying to break free - hence the stylish glasses.  Doesn't believe in Jesus, and is an all-around dude.   Never sleeps head to toe. Also a dandelion hunter"
6781,
6796,"CryoBot #6796 is in charge of Mega City Cryonics Lab (MCCL), the major cryocorp owned by Somnus. "
6810,"Name: PX99-R3 Runner#: 6810 Alias: Daft Pranksy    Pranksy was built in Tokyo by a current Mega-City human resident.  A repurposed base Yamada Robotics Corp guard bot, Daft Pranksy was fully chain-enabled and programmed with unique attributes: to drop sick beats while having an extremely mischievous personality.    Pranksy is a benevolent bot. Chainscape karma often happens in Mega-City: Pranksy witnessed the accident and amputated key parts to do a quick wetware job which resulted in the incarnation of Ruby, Mega City's first chain cyborg.   Pranksy is on a quest to find their maker.   Unknown to Pransky, his golden earrings contain encrypted code guarding an important secret.  P.S. - Lore courtesy 'tdog99' on chainrunner discord"
6866,This Runner's story has not yet been written. Coming soon.
6870,"THE VIDAL BROTHERS # 8074 Arturo # 6870 MOOD  The Vidal brothers were born smoking and running over the chain worlds and ended up doing that for their entire life. At a young age, they had been dominating the football middle fields with violent tackles and packs of red cards. For many, their ability to run for days without food was a clue they belonged to another species. They‚Äôve been known for their transgressive plastic Mohawks but mostly for their friendliness. Representing the illest Chilean chillaxed ninjas, they usually hang out and travel with the mind across dimensions.  MOOD, aka moody, became alien after years of mastery as a zen scientist. He can travel and forge his reality through his mindfulness by sitting on a sofa smoking.  His brother Arturo instead, had gone rogue after the financial crash of his country. He carries the burden of maintaining order as a paladin of justice, works as an undercover agent in the streets of Megacity. Appreciator of MF DOOM, he‚Äôs one of the last to abandon the idea that the good old analogic life of the fifties could come back. He misses the days when the tales about digital worlds were nothing more than just sci-fi movies."
6876,Meet me in the METAVERSE 
6923,"Not much is know about Runner #6923, more commonly known as The Enigma. However, his exploits are the thing of legend in Mega City. Doesn't matter what you call him, just hope he isn't called to find you. Even Runner #827 (The Chain Running Serial King) shudders at hearing his name. It is rumored that even Somnus once sought his services, but quickly decided it was best to avoid The Enigma unless absolutely needed.   One should be careful if seeking out The Enigma. For if you are not willing to pay that which is required, he'll come for you. And if that happens, you'll do nothing...because you can do nothing   "
6935,a
6987,His story has yet to be written.
7049,I don't know how I got here. All I know is I must continue running up the hill. I'm holding on to whatever human is left in me. I must continue to find purpose...
7059,Alien Goth it's a lifestyle.
7156,"His Name VRBoii, his game WorldWideWebb, His Fame.. to be determined."
7161,The Pickle Meister
7174,"Rosemarie - Runner 7174    Born of royal blood, Rosemarie's late father was the last King and she remains the last royal member of the Crown. Her father fought to remove the centralised control of his family as he foresaw the coming revolution for decentralised power through the cypherpunk revolution. Unfortunately he failed however he named his youngest daughter after Marie Antoinette with the hope that she like her name's predecessor could lead the next revolution against Somnus. Her knowledge of both central power and the opportunity for revolution from both sides puts her in a place to be a beacon of hope in Mega City.     Rosemary is part of the Rose Revolution trying to find a way to lead the world back to the decentralisation that has been inhibited by Somnus.     Will she survive? Can she shed her royal blood to support the movement towards decentralisation? Will she help find the weakness to lead the Chain Runners to success??"
7180,"Name: Unknown Runner #: 7180 Alias: Lucy    Lucy is a myth. She is an elite level chainspace hacker and also the founder of the alien ninja clan; the clan officially has no name, but on the streets of Mega City they are referred, in whispers only, as the Zk Killerz.   Lucy's ethereal red katana is legendary.  The blade is of off-world origin; its seems to cut through any earthly material.  Other well known clans have hired Lucy, at premium prices, for discreet hit jobs"
7194,You don't know what this eye has seen....
7202,just tryna get a beer
7224,Alias: Liawol
7249,"Meet Ian Eagle. Yes, that Ian Eagle. As the world crumbled so did the NFL and Ian's day job. He is now a runner in Mega City.   His followers can be seen sporting the Eye ""Ian"" Hat. He is the only one to have both the Draag Alien Variant 2 and the Eye Hat. "
7339,"Hailing from Remulak, I survived with a select few of my mates - that is why you can see my huge smile.  Come smoke a stogie with me and learn more about me - I don't bite."
7410,Alias: 8vik
7472,This guy fucks
7499,"Medical Doctor by day, computer scientist by night. Finding the balance in the new world. "
7511,"#7511 is just this guy bot, you know?"
7593,"Runner #7593  Name: Sim01x  Race: Bot  Real name: Simona    Year 2060 and Simona finally decides to leave her organic body to be immoral in the digital world called the LastWorld. All of her friends and family have gone there and she no longer has anyone to talk to about things in the real world.   During her last night in the real world something strange happened. A sudden fear made her stomach hurt. Then came a big creepy noise.    On the main streets she saw the news that LastWorld had been hacked and that all the conscious living inside were trapped under a dark autocrat. She immediately goes to the lab where people decide to abandon their organic bodies to copy themselves inside the LastWorld. But they wouldn't let her in. It was too dangerous!  She called her genius programmer friend Cedrick. Cedrick told her it was a path to death if she entered the LastWorld now. But Simona insisted. So they made a plan...   He has programmed Simona so that as soon as she enters the LastWorld she turns into a servant bot, like those who live without any self-awareness just to help others. She has now become Sim01x. His friend helped her hack the system. After a second, she left the real world, her physical body forever to save the habitants of the LastWorld.  To be continued‚Ä¶  "
7603,"Anansi, 'The Librarian'"
7607,"Revival Specialist #7607 is the CTO of Mega City Cryonics Lab (MCCL), the major cryocorp owned by Somnus."
7632,Name: Arnold Bartleton Primary Alloy: Chromium Country of Origin: France Functionality: Security Guard  Arnold Bartleton is a simple bot. He enjoys reading his tattered old books and smoking a cigarette in front of the Mega City barber shop. He often holds a steaming styrofoam cup in his nicotine stained fingers.   Arnold is best known for his day job as a security guard down at Doctor Spazzo's Insane and Inebriated Funhouse.   Nobody messes with Arnold. He stays quiet about the folks he has to neutralize when they get a little crazy. He treats it as more of an annoyance than anything.  All I'd say is don't get too out of line at the funhouse... The last thing you wanna see is Arnold setting down his old pamphlet of poetry. . .
7653,"Ko'cha Odami (Runner #7653):  Somnus may claim that Mega City is ""home to the content without want"", but for a large portion of its inhabitants - most aren't even considered to be citizens in the official census - life in the underbelly and on the outskirts of the overflowing metropolis could not be further from such farcical sentiments.  For these folks, education on all matters - The Chain included - come from the streets. Lessons are taught violently and, for those who mean to survive, learned quickly. Becoming a Runner means being able to survive, and possibly even thrive, in an environment that has long since been forgotten by the rest of society.  It isn't easy, it isn't clean, and this path offers no opportunity for escape. But it does allow for those who've been callously tossed aside by the ever-quickening flow of technological progress to carve out a meager existence for themselves, and to occasionally get a fleeting glimpse of the power and control over their own humanity that's been stripped away from them over several generations.  Such is the case of Ko'cha Odami, Runner #7653."
7656,:)
7663,
7679,"RandomQueen First mother of MegaCity, respected for her Oracle powers, some pretend she collaborates with offchain workers to introduce corrupted data into Megacity. Rumor were even heard that she worked for Somnus.  But she's probably only loyal to her one and only, the Randombishop (@7750)    "
7751,"Dove was recruited into the MUMMY CULT just after his 16th birthday. Although he's the youngest member, Dove is trusted by the highest members of the organization. Clever and methodical, Dove assists with negotiations, ransom payments, and general bookkeeping."
7769,Coming from the south hemisphere... nevado runnner. 
7854,Runner #7854 Name: The Metro Warlord Race: Human  Warlord of Mega City.
7917,"Runner #7917 tried to fit in with the other runners as a kid.   But MegaCity was not kind to weakness and most of those who didn't adapt like #7917 ended up not being around anymore. Coming through hardship made this runner one to be reckoned with and you would be mistaken for thinking the headgear, visor and purple lipstick were signs of someone still struggling with their identify. Do not be fooled, #7917 has a baby face with a mind of steel and runs the tunnels on the north side of MegaCity instilling fear in those who try to undermine his authority. "
7987,Exclusive.
7994,Posty
8017,"nobody   i am someone that only seaks to found as no one someday, to be forgotten in time and remember as a lie, somebody that was someone. someone that had something. But I am noone. Till I die and remembered forever as the runner that made something."
8032,"Mysterious ""Bot"" - no one knows of the origins of Runner #8032. Rumors are that he has been scene associating with dangerous personnel within the Runnerverse..."
8074,"THE VIDAL BROTHERS # 8074 Arturo # 6870 MOOD  The Vidal brothers were born smoking and running over the chain worlds and ended up doing that for their entire life. At a young age, they had been dominating the football middle fields with violent tackles and packs of red cards. For many, their ability to run for days without food was a clue they belonged to another species. They‚Äôve been known for their transgressive plastic Mohawks but mostly for their friendliness. Representing the illest Chilean chillaxed ninjas, they usually hang out and travel with the mind across dimensions.  MOOD, aka moody, became alien after years of mastery as a zen scientist. He can travel and forge his reality through his mindfulness by sitting on a sofa smoking.  His brother Arturo instead, had gone rogue after the financial crash of his country. He carries the burden of maintaining order as a paladin of justice, works as an undercover agent in the streets of Megacity. Appreciator of MF DOOM, he‚Äôs one of the last to abandon the idea that the good old analogic life of the fifties could come back. He misses the days when the tales about digital worlds were nothing more than just sci-fi movies."
8117,This is Shane Mac's favorite Chain Runner. He's one of the few aliens that also loves smoking a blunt. 
8120,wanted.  reward 100 BTC
8127,Runner #8127 is a resident of the Vault.
8161,
8265,Hi it's me
8272,"Charlie Dowin had a rough upbringing.  Born in the roughest neighbourhood in MegaCity his life was destined to be difficult, to make things harder Dowin was born different.  By the age of 10, Charlie was bald, at the age of 13, he was blind.  His strange looks and manners earned him a childhood filled with bullying and harassment.  Dowin, channelled all his frustrations, insecurities and rage into studying and building tech. Most of his childhood was spent locked inside of his garage tinkering with tech and reading books.   He built himself a pair of Cybernetic Implants and recovered his sight. His poor genetics, made him obsess over evolution. In his attempt to fix his defects, he learned all he could about the runners' DNA.   Equipped with this knowledge, he founded the MegaCity Nursery, discovered CRISPR and founded the CRISPR Lab.  These achievements made Dr. Dowin a respected geneticist in MegaCity. The fame went into his head. He got cocky and filled with over-confidence publicly announced his love to the princess @8272.  As expected, the princess ignored this request, and the attempt was largely mocked by the runners. Everyone thought that Dr Dowin was socially awkward and not suitable for royalty.  The rejection took Dr. Dowin to a dark place. He locked himself in his garage, again, building non-stop, laughing like a madman.  Whatever he is building now it won't be good.."
8276,The Dude
8285,"Name: Cyril McMaster (8285) Alias: The Mac Founder Club 21  It‚Äôs not easy running the most successful entertainment spot in all of Mega City. Cyril spent years building the brand and bringing in the best talent; needless to say, he runs a tight ship. Don‚Äôt let the paint fool you, he is no clown. If anything, you should consider him one of the ringleaders in Mega City. He sees all and hears all that happens within the walls of Club 21. From Somnus supporters to arms dealers, if you need to know what it going down in the city, he may be the guy that has the info, but it doesn‚Äôt come cheap. He has one rule when you come to visit Club 21, don‚Äôt cause any trouble, or else it may be more than blood red glare that pierces through you."
8324,"Hes looks might deceive you to think she is sad but what you are looking at is a determined runner who is ready to face anything and everything that is thrown at her. Organized, loyal, caring, strong, intellectual, and more. She is the queen that King ETH has been looking for. "
8326,This Runner's story has not yet been written. Coming soon.
8335,The Candy Shop Owner  He owns what looks like a regular Candy Shop.  But there is much more behind the appearances...     
8339,sigma male 
8360,Decentralize all the things.
8416,Fellow chain runners... I've found my own DNA on the chain.  26536537688659365017791028121360409953589145340219500306603927128595526953195  Was I ... created there? Am I even a real bot?
8474,
8479,"Pinky, at least that is what we think is his name, is a member of the Three Amigos, a subset of the pink cowboy hat gang composed of three different races. From an alien planet, Pinky doesn't bother speaking but rather chooses to communicate through telepathy. Never one to look directly upon you, Pinky is completely absorbed in his robo-cyclopian mask, where many wonder if it's looking outward or only inward to his soul."
8491,Biggest Legend. Very Quick
8517,
8531,"Runner Name: Rez   In a world of power grubbing over consumption and waste, the Talents Rez established from a young age led her straight to Mega City...For her path as a Runner seems as if it was destined. Her parents died when Rez was just the age of 5... She doesnt like to talk about that much... Uncle Ted gave her a place to live and helped her become the Woman she is today, or perhaps the Woman she is not. Ted ran Operative Combat missions for the *** Organization by day while exploiting all of the knowledge and access bestowed upon him in that position as a hacker by night.   By the time Rez was 7 years old, she hacked into the HQ of a major bank using a simple phishing exploit that resulted in $750M+ disbursed to a nameless bank account, insantly converted to ETHERIUM and sent to a masked wallet. The money has still yet to be recovered by the US Gov. Rez had a rocky road from there... but that road led her straight to Mega City where her knowledge of computers combined with her understanding of the Martial Arts has allowed her to thrive, as well as make a few friends or Runners I should say.... Not all is lost, and not all is found... yet.   "
8566,¬Ø\_(„ÉÑ)_/¬Ø
8648,Robot Pirate
8672,A rogue data runner who recently arrived in the city. There are rumors he hails originally from the deeper conclaves.
8699,Hackin' the planet since block 13578818.
8763,Name: Aromag  Race: Alien Does not like authority and is found hanging around both humans and Skulls.  Uses her humor and manipulative personality to play all sides of everyone and never stays in the same place for long.  More to come on her story...
8800,"Name: Sarah Konnr  Sarah was the creator of RunDAO. During the era of the great hope, RunDAO became the defacto algocoin adopted by all the fractured, but liberated,  city states. The currency, $RunFree, appreciated in quick bursts,  minting new wealth throughout the world. Sarah became a rich titan of  industry but never lost focus - she was in it to positively change the  system.  For a period of many years, peace and prosperity ruled; RunDAO worked  brilliantly. Fully decentralized and with much community participation, things were peachy. That is, until the rug of all rugs occurred. An  exploit drained a massive amount of $RunFree from the treasury, and  obliterated several key holder accounts, including Sarah‚Äôs. The network  was patched, volatility stabilized and things recovered. But a 2nd,  hidden exploit, sealed the deal. Using laundered $RunFree funds,  distributed over millions of wallets, the exploiter usurped on-chain  control. RunDAO was now centrally controlled. A few months later, Somnus  announced the construction of Mega City, the extremely ambitious, and  very expensive, new nation city which would hodl all the world‚Äôs best  content.  What a coincidence.  Today,Sarah is a refugee and illegal inhabitant of Mega City, living in the  shadows. The lining of her mask hides a quantum cryptographically sealed  wallet, which stores all her discovered somnet exploits. She dreams of payback."
8829,I've always had a knack for gadgets and gizmos XD  Sometimes it gets me into trouble...
8858,"Name: Brian  He‚Äôs just your typical chill dude with good vibes. Loves the chain, stays out of politics, super low key. One day maybe he‚Äôll get a hat or even a mask if he‚Äôs lucky, but for now he‚Äôs just happy to be included."
8884,"intoducing runner sadaf.eth  spends her days running the chain with friends, family, and bf - they network  enjoys a cig in the morning, while surfing for her next nft  occasionally drinks and rips bongs  believes its always a gm somewhere  can be reached through twitter @dafjamrecords  WAGMI"
8888,Runner 8888 is a biker that is helping save megacity. 
8897,w1nt3r
8926,punk prince
9012,"Name: Unknown Origin: Unknowm Alias: Sith Lord Sum Status: Incarcerated  Come on y'all let's take a ride
Don't you say shit just get inside
It's time to take your ass on another kind of trip
'Cause you can't have the hop if you don't have the hip Grab your strap with the extra clip and,
Close your eyes and hit the switch
We're going to a place where everybody kick it
Kick it, kick it, yeah, that's the ticket"
9086,Testing... testing... 
9139,"Runner 9139 plays in the underground punk band ""FUD RATS"" which is working to subvert Somnus via music. Send an encrypted message via Runnerhub to book a show..."
9144,0xTheMaker  I have been making for as long as I can remember. Now I make for Mega City.  
9148,I run this city üëë
9239,"9239 is a builder at heart. Tucked away in an undistinguished alleyway of Mega City, his workshop provides escape from Somnus' Brave New World. Late at night, he tinkers endlessly on a contraband computer illuminated only by the unremitting lights of the neon signs outside.   9239 finds a reassuring beauty in his code. He refines his sense of being and purpose with an aggrandized knowledge. But for this, he is an outcast of Mega City.   The citizens of Mega City relish in a world devoid of human struggle and reject any urge to search for greater meaning. But as 9239 wonders, why should they? What good does the pursuit of truth and knowledge bring when life today offers so many quick comforts?  But 9239's passion drives him forward. He is making progress learning a long-abandoned language known as Solidity. Eventually, he hopes, the citizens of Mega City will discover his project. Not for personal fame or fortune, but to unlock and empower individual thought and expression. "
9253,Runner 9253
9313,dfdf
9355,Runner #9355 Name: Down  Race: Human  Real Name: Jay Alias: The Barista  
9381,RUNNER #9381:    -Offline Mega City Archives are being reviewed for relaible reporting.
9399,Looks like a badass but is actually a cool guy. 
9475,Valentino summers and chain runners
9488,Sushi chef turned chain pilot
9498,
9509,"Bot Holliday is a member of the Three Amigos, a subset of the pink cowboy hat gang composed of three different races. Bot shoots first, asks questions later. When this tin man was built, Oz not only left out a heart, he left out anything that could humanly resemble compassion. This lack of emotion, much less a soul, is what fuels Bot to hack against all who have profited off the bot races existence. He wishes for their immenent ruin."
9544,Cybernetically-enhanced humanoid with a fixin' for danger. Requires oxygen mask to breath because of lung injuries sustained from smoking too much in his 20s.
9558,"Group: m3lt3r$  Alias: zoleid  Description: Likely in isolation, a monk maker, real world manipulator, and with observed but unknown rituals using clown-like face paint as part of spiritual initiation. His connections to criminal activity in Mega City is not documented but suspected.  Last seen: Zone 9, Mitra Nombus"
9580,"Runner #9580 is one of Mega City's most Trustworthy / Rapid / and Discrete Runner-2-Runner Couriers. Deliveries are made using his Magnetic Propulsion Skateboard, #9580 cuts through the city at blistering fast speeds; His completion times are unrivaled. His services come with a hefty price tag, however no questions are asked and his allegiance lies  with no sect or guild. His unwavering loyality is reserved for his clients only.   Name: Ricky Bobby Alias: The Transporter Age: 31 Origin: Mega City Native (Old Town) Occupation: Dispatch Rider     "
9609,Runners gonna run.
9635,Runner has formed a team with two other bots #4359 #266
9662,
9743,"Degenerate partygoer at the epicentre of Mega City's underground rave scene. Rarely seen in daylight hours. Mad, bad and dangerous to know."
9751,The last remaining Oni Hunter running the chain.
9768,*Inhales a puff of smoke* What are you looking at? 
9773,"the craziest next gen CR, popping pills and chuffing them ciggies down til the four horsemen of the armaggedon take CR9773 as one of their own..."
9872,run don't walk  www.hootie.xyz
9884,like an antelope
9973,"The Mysterious leader of the Red Eye Syndicate.   Works in the shadows commanding a network of Red Eye Runners in Mega City. Their most recent fame includes the processing chip shipment raid of the tech district's very own Somnetic Pagoda just 230 cycles ago. Somnetic's server stations were stripped leaving their signature Hallusomnetic chairs powerless, suffering them a cost of 32,450 credits in losses from unsatisfied guests and 105,2300 credits in processing chips.  Little is known about the Mysterious Leader's intentions or reasoning, though there are assumptions they have some link to those carrying the ""red eye"" gene.  Belief that the Red Eye Syndicate's resources, however morally obtained, somehow flow back down to those communities full of Red Eyes, allowing them to survive in Mega City."
